bert_f1,bert_precision,bert_recall,bleu,rouge
0.8392833732068539,0.8500285943349203,0.8297037581602732,0.13153655189561128,0.31936918691845595
0.8156887255609035,0.807800829410553,0.8261711373925209,0.09703291701484458,0.2286539661271701
0.8033092096447945,0.8341827653348446,0.7765775000055631,0.07387249047838701,0.20959307893062146
