model_type,metric,score
llm,bleu,0.09703291701484458
llm,rouge,0.22846837588584573
rag,bleu,0.13153655189561128
rag,rouge,0.31828047064113485
